id_par,palavra_1,palavra_2,tipo_anotacao,anotador_1,nota_1,anotador_2,nota_2,similaridade_media,similaridade_mediana,amplitude,revisar
P001,ferramenta,plataforma,humana,Luiza,3,Rafaela,3,3.0,3.0,0,nao
P002,criptografia,chamar,humana,Luiza,1,Rafaela,1,1.0,1.0,0,nao
P003,componente,trabalho,humana,Luiza,1,Rafaela,1,1.0,1.0,0,nao
P004,protocolo,segurança,humana,Luiza,2,Rafaela,2,2.0,2.0,0,nao
P005,classe,conjunto,humana,Luiza,3,Rafaela,3,3.0,3.0,0,nao
P006,alto,tráfego,humana,Luiza,1,Rafaela,1,1.0,1.0,0,nao
P007,interno,consulta,humana,Luiza,1,Rafaela,1,1.0,1.0,0,nao
P008,tcp,ordem,humana,Luiza,2,Rafaela,2,2.0,2.0,0,nao
P009,ambiente,tarefa,humana,Luiza,1,Rafaela,1,1.0,1.0,0,nao
P010,padrão,informação,humana,Luiza,1,Rafaela,2,1.5,1.5,1,nao
P011,conteúdo,desenvolvimento,humana,Luiza,1,Rafaela,1,1.0,1.0,0,nao
P012,identificar,desenvolver,humana,Luiza,1,Rafaela,1,1.0,1.0,0,nao
P013,mecanismo,lógico,humana,Luiza,1,Rafaela,1,1.0,1.0,0,nao
P014,tecnologia,from,humana,Luiza,1,Rafaela,1,1.0,1.0,0,nao
P015,código,http,humana,Luiza,2,Rafaela,2,2.0,2.0,0,nao
P016,endereço,nuvem,humana,Luiza,1,Rafaela,1,1.0,1.0,0,nao
P017,software,web,humana,Luiza,2,Rafaela,2,2.0,2.0,0,nao
P018,virtual,linha,humana,Luiza,1,Rafaela,1,1.0,1.0,0,nao
P019,gerenciamento,externo,humana,Luiza,1,Rafaela,1,1.0,1.0,0,nao
P020,teste,programação,humana,Luiza,2,Rafaela,2,2.0,2.0,0,nao
P021,funcional,comunicação,humana,Luiza,1,Rafaela,1,1.0,1.0,0,nao
P022,aplicação,determinar,humana,Luiza,1,Rafaela,1,1.0,1.0,0,nao
P023,falso,método,humana,Luiza,1,Rafaela,1,1.0,1.0,0,nao
P024,funcionalidade,joão,humana,Luiza,1,Rafaela,1,1.0,1.0,0,nao
P025,máquina,receber,humana,Luiza,1,Rafaela,1,1.0,1.0,0,nao
P026,resultado,fornecer,humana,Luiza,1,Rafaela,2,1.5,1.5,1,nao
P027,versão,exibir,humana,Luiza,1,Rafaela,1,1.0,1.0,0,nao
P028,chave,dado,humana,Luiza,2,Rafaela,3,2.5,2.5,1,nao
P029,conceito,definição,humana,Luiza,3,Rafaela,3,3.0,3.0,0,nao
P030,acesso,prática,humana,Luiza,1,Rafaela,1,1.0,1.0,0,nao
P031,configuração,organização,humana,Luiza,3,Rafaela,3,3.0,3.0,0,nao
P032,texto,relacional,humana,Luiza,1,Rafaela,1,1.0,1.0,0,nao
P033,aplicar,necessidade,humana,Luiza,1,Rafaela,1,1.0,1.0,0,nao
P034,problema,empresa,humana,Luiza,1,Rafaela,1,1.0,1.0,0,nao
P035,modelo,resposta,humana,Luiza,1,Rafaela,1,1.0,1.0,0,nao
P036,criação,política,humana,Luiza,1,Rafaela,1,1.0,1.0,0,nao
P037,linguagem,implementação,humana,Luiza,2,Rafaela,2,2.0,2.0,0,nao
P038,processamento,controle,humana,Luiza,2,Rafaela,2,2.0,2.0,0,nao
P039,armazenar,público,humana,Luiza,1,Rafaela,1,1.0,1.0,0,nao
P040,análise,acessar,humana,Luiza,1,Rafaela,1,1.0,1.0,0,nao
P041,característica,aplicativo,humana,Luiza,1,Rafaela,1,1.0,1.0,0,nao
P042,armazenamento,digital,humana,Luiza,2,Rafaela,2,2.0,2.0,0,nao
P043,modo,arquivo,humana,Luiza,1,Rafaela,1,1.0,1.0,0,nao
P044,uso,integridade,humana,Luiza,1,Rafaela,1,1.0,1.0,0,nao
P045,enviar,suporte,humana,Luiza,1,Rafaela,1,1.0,1.0,0,nao
P046,nome,estrutura,humana,Luiza,1,Rafaela,2,1.5,1.5,1,nao
P047,atributo,desempenho,humana,Luiza,2,Rafaela,2,2.0,2.0,0,nao
P048,incluir,algoritmo,humana,Luiza,1,Rafaela,1,1.0,1.0,0,nao
P049,equipe,administrador,humana,Luiza,2,Rafaela,2,2.0,2.0,0,nao
P050,representar,principal,humana,Luiza,1,Rafaela,1,1.0,1.0,0,nao
P051,saída,processo,humana,Luiza,2,Rafaela,2,2.0,2.0,0,nao
P052,comando,capacidade,humana,Luiza,1,Rafaela,1,1.0,1.0,0,nao
P053,solução,infraestrutura,humana,Luiza,2,Rafaela,2,2.0,2.0,0,nao
P054,transação,estabelecer,humana,Luiza,1,Rafaela,1,1.0,1.0,0,nao
P055,javascript,entrada,humana,Luiza,1,Rafaela,1,1.0,1.0,0,nao
P056,java,proteção,humana,Luiza,1,Rafaela,1,1.0,1.0,0,nao
P057,operação,ti,humana,Luiza,2,Rafaela,2,2.0,2.0,0,nao
P058,princípio,físico,humana,Luiza,1,Rafaela,1,1.0,1.0,0,nao
P059,ação,registro,humana,Luiza,2,Rafaela,2,2.0,2.0,0,nao
P060,página,contexto,humana,Luiza,1,Rafaela,1,1.0,1.0,0,nao
P061,ataque,basear,humana,Luiza,1,Rafaela,1,1.0,1.0,0,nao
P062,banco,técnica,humana,Luiza,1,Rafaela,1,1.0,1.0,0,nao
P063,trabalhar,único,humana,Luiza,1,Rafaela,1,1.0,1.0,0,nao
P064,autenticação,sql,humana,Luiza,1,Rafaela,2,1.5,1.5,1,nao
P065,objetivo,interface,humana,Luiza,1,Rafaela,1,1.0,1.0,0,nao
P066,específico,possuir,humana,Luiza,1,Rafaela,1,1.0,1.0,0,nao
P067,internet,gerenciar,humana,Luiza,1,Rafaela,1,1.0,1.0,0,nao
P068,utilização,coluna,humana,Luiza,1,Rafaela,1,1.0,1.0,0,nao
P069,analista,script,humana,Luiza,1,Rafaela,1,1.0,1.0,0,nao
P070,tratamento,objeto,humana,Luiza,1,Rafaela,1,1.0,1.0,0,nao
P071,arquitetura,gerar,humana,Luiza,1,Rafaela,1,1.0,1.0,0,nao
P072,implementar,base,humana,Luiza,1,Rafaela,2,1.5,1.5,1,nao
P073,computador,dispositivo,humana,Luiza,3,Rafaela,4,3.5,3.5,1,nao
P074,oferecer,projeto,humana,Luiza,1,Rafaela,1,1.0,1.0,0,nao
P075,data,realizar,humana,Luiza,1,Rafaela,1,1.0,1.0,0,nao
P076,select,documento,humana,Luiza,1,Rafaela,1,1.0,1.0,0,nao
P077,permitir,operacional,humana,Luiza,1,Rafaela,1,1.0,1.0,0,nao
P078,negócio,indicar,humana,Luiza,1,Rafaela,1,1.0,1.0,0,nao
P079,executar,atividade,humana,Luiza,2,Rafaela,2,2.0,2.0,0,nao
P080,integração,tamanho,humana,Luiza,1,Rafaela,1,1.0,1.0,0,nao
P081,necessário,adotar,humana,Luiza,1,Rafaela,1,1.0,1.0,0,nao
P082,recurso,falha,humana,Luiza,1,Rafaela,1,1.0,1.0,0,nao
P083,camada,python,humana,Luiza,1,Rafaela,1,1.0,1.0,0,nao
P084,criar,rede,humana,Luiza,1,Rafaela,1,1.0,1.0,0,nao
P085,elemento,tribunal,humana,Luiza,1,Rafaela,1,1.0,1.0,0,nao
P086,responsável,ip,humana,Luiza,1,Rafaela,1,1.0,1.0,0,nao
P087,pacote,html,humana,Luiza,1,Rafaela,2,1.5,1.5,1,nao
P088,caso,precisar,humana,Luiza,1,Rafaela,1,1.0,1.0,0,nao
P089,manter,trecho,humana,Luiza,1,Rafaela,1,1.0,1.0,0,nao
P090,descrever,configurar,humana,Luiza,2,Rafaela,2,2.0,2.0,0,nao
P091,requisito,mensagem,humana,Luiza,1,Rafaela,2,1.5,1.5,1,nao
P092,definir,servidor,humana,Luiza,1,Rafaela,1,1.0,1.0,0,nao
P093,usuário,conexão,humana,Luiza,1,Rafaela,2,1.5,1.5,1,nao
P094,pessoal,garantir,humana,Luiza,1,Rafaela,1,1.0,1.0,0,nao
P095,órgão,erro,humana,Luiza,1,Rafaela,1,1.0,1.0,0,nao
P096,execução,verificar,humana,Luiza,2,Rafaela,2,2.0,2.0,0,nao
P097,tabela,cliente,humana,Luiza,1,Rafaela,1,1.0,1.0,0,nao
P098,risco,gestão,humana,Luiza,2,Rafaela,2,2.0,2.0,0,nao
P099,abordagem,serviço,humana,Luiza,1,Rafaela,2,1.5,1.5,1,nao
P100,função,domínio,humana,Luiza,2,Rafaela,2,2.0,2.0,0,nao
