prova,ano,alternativas_por_questao,questoes_no_pdf,questoes_separadas,bloco_gabarito,similaridade,gabarito_usado,obs
01_analista-em-tecnologia-da-informacao-desenvolvimento-de-sistemas-banestes-fgv-2021,2021,5,60,60,Analista em Tecnologia da Informação - Desenvolvimento de Sistemas – Tipo 1,0.83,True,
02_analista-de-tecnologia-da-informacao-desenvolvimento-de-sistemas-tj-ro-fgv-2021,2021,5,70,69,Analista de Tecnologia da Informação - Desenvolvimento de Sistemas – Tipo 1,0.71,True,
03_analista-legislativo-informatica-legislativa-analise-de-sistemas-senado-federal-fgv-2022,2022,5,70,70,Analista Legislativo - Informática Legislativa - Análise de Sistemas - TIPO 1,0.75,True,
04_analista-judiciario-analise-de-sistemas-tj-dft-fgv-2022,2022,5,60,60,Analista Judiciário - Análise de Sistemas – Tipo 1,0.67,True,
05_analista-area-de-apoio-especializado-tecnologia-da-informacao-desenvolvimento-de-sistemas-dpe-rs-fgv-2023,2023,5,70,70,Analista - Área de Apoio Especializado - Tecnologia da Informação - Desenvolvimento de Sistemas - TIPO 1,0.8,True,
06_analista-judiciario-apoio-especializado-tecnologia-da-informacao-desenvolvimento-de-sistemas-tj-ap-fgv-2023,2023,5,80,80,Analista Judiciário - Área Apoio Especializado - Especialidade Tecnologia da Informação - Desenvolvimento de Sistemas – TIPO 1,0.67,True,
07_analista-judiciario-analise-de-sistemas-tj-se-fgv-2023,2023,5,70,70,Analista Judiciário - Especialidade - Análise de Sistemas - PROVA 1,0.57,True,
08_analista-cvm-perfil-8-ti-sistemas-e-desenvolvimento-manha-cvm-fgv-2024,2024,5,40,40,Analista CVM - Perfil 8 - TI - Sistemas e Desenvolvimento - Tipo 1,0.8,True,
09_analista-de-tecnologia-da-informacao-desenvolvimento-de-software-dataprev-fgv-2024,2024,5,70,70,ATI - DESENVOLVIMENTO DE SOFTWARE – PROVA TIPO 1,0.29,True,
10_tecnico-de-nivel-superior-analista-de-sistemas-computacionais-analista-de-sistemas-tj-ms-fgv-2024,2024,5,60,60,Técnico de Nível Superior - Analista de Sistemas Computacionais - Analista de Sistemas - PROVA 1,0.75,True,
11_analista-judiciario-desenvolvimento-de-sistemas-tj-rr-fgv-2024,2024,5,70,70,ANALISTA JUDICIÁRIO - DESENVOLVIMENTO DE SISTEMA PROVA TIPO 1,0.43,True,
12_auditor-de-controle-externo-informatica-analista-de-sistemas-tce-pa-fgv-2024,2024,5,100,100,AUDITOR DE CONTROLE EXTERNO - ÁREA DE INFORMÁTICA ANALISTA DE SISTEMAS - PROVA TIPO 1,0.67,True,
13_analista-do-mpu-desenvolvimento-de-sistemas-mpu-fgv-2025,2025,5,80,80,A06 - Analista do MPU - Desenvolvimento de Sistemas - TIPO 1,0.8,True,
14_analista-programador-classe-b-dpe-ro-fgv-2025,2025,5,70,70,Analista Programador - Classe B - PROVA 1,0.67,True,
15_analista-legislativo-desenvolvedor-de-sistemas-alego-fgv-2026,2026,5,70,70,Analista Legislativo - Desenvolvedor de Sistemas - 1 - Turno Tarde,0.8,True,
16_agente-especializado-analista-de-sistemas-mp-es-fgv-2026,2026,5,60,60,Agente Especializado - Analista de Sistemas - PROVA 1,0.67,True,
17_analista-area-de-apoio-especializado-tecnologia-da-informacao-banco-de-dados-dpe-rs-fgv-2023,2023,5,70,70,Analista - Área de Apoio Especializado - Tecnologia da Informação - Banco de Dados - TIPO 1,0.8,True,
18_analista-judiciario-apoio-especializado-tecnologia-da-informacao-banco-de-dados-tj-ap-fgv-2023,2023,5,80,80,Analista Judiciário - Área Apoio Especializado - Especialidade Tecnologia da Informação - Banco de Dados - DBA – TIPO 1,0.62,True,
19_analista-judiciario-analise-de-sistemas-banco-de-dados-tj-se-fgv-2023,2023,5,70,70,Analista Judiciário - Especialidade - Análise de Sistemas - Banco de Dados - PROVA 1,0.67,True,
20_tecnico-de-nivel-superior-analista-de-sistemas-computacionais-analista-de-banco-de-dados-tj-ms-fgv-2024,2024,5,60,60,Técnico de Nível Superior - Analista de Sistemas Computacionais - Analista de Banco de Dados - PROVA 1,0.8,True,
21_analista-de-gestao-corporativa-tecnologia-da-informacao-ciencia-de-dados-epe-fgv-2024,2024,5,80,78,ANALISTA DE GESTÃO CORPORATIVA – TECNOLOGIA DA INFORMAÇÃO PERFIL 3: CIÊNCIA DE DADOS - PROVA TIPO 1,0.78,True,
22_analista-de-tecnologia-da-informacao-inteligencia-da-informacao-dataprev-fgv-2024,2024,5,70,70,ATI - INTELIGÊNCIA DA INFORMAÇÃO – PROVA TIPO 1,0.33,True,
23_analista-de-sistemas-administrador-de-banco-de-dados-infraestrutura-o-m-ses-mt-fgv-2024,2024,4,80,80,"ANALISTA DE SISTEMAS – ADM DE BANCO DE DADOS, INFRA E O&M - PROVA TIPO 1",0.45,True,
24_analista-em-tecnologia-da-informacao-suporte-e-infraestrutura-banestes-fgv-2021,2021,5,60,60,Analista em Tecnologia da Informação - Suporte e Infraestrutura – Tipo 1,0.83,True,
25_analista-judiciario-suporte-em-tecnologia-da-informacao-tj-dft-fgv-2022,2022,5,60,60,Analista Judiciário - Suporte em Tecnologia da Informação – Tipo 1,0.71,True,
26_analista-legislativo-informatica-legislativa-analise-de-suporte-de-sistemas-senado-federal-fgv-2022,2022,5,70,70,Analista Legislativo - Informática Legislativa - Análise de Suporte de Sistemas - TIPO 1,0.78,True,
27_analista-area-de-apoio-especializado-tecnologia-da-informacao-infraestrutura-e-redes-dpe-rs-fgv-2023,2023,5,70,70,Analista - Área de Apoio Especializado - Tecnologia da Informação - Infraestrutura e Redes - TIPO 1,0.8,True,
28_analista-judiciario-analise-de-sistemas-redes-tj-se-fgv-2023,2023,5,70,70,Analista Judiciário - Especialidade - Análise de Sistemas - Redes - PROVA 1,0.62,True,
29_analista-judiciario-analise-de-sistemas-suporte-tecnico-em-infraestrutura-tj-se-fgv-2023,2023,5,70,70,Analista Judiciário - Especialidade - Análise de Sistemas - Suporte Técnico em Infraestrutura - PROVA 1,0.7,True,
30_tecnico-de-nivel-superior-analista-de-sistemas-computacionais-analista-de-infraestrutura-de-redes-tj-ms-fgv-2024,2024,5,60,60,Técnico de Nível Superior - Analista de Sistemas Computacionais - Analista de Infraestrutura de Redes - PROVA 1,0.8,True,
31_analista-judiciario-infraestrutura-de-tecnologia-da-informacao-tj-rr-fgv-2024,2024,5,70,70,ANALISTA JUDICIÁRIO - INFRAESTRUTURA DE TECNOLOGIA DA INFORMAÇÃO PROVA TIPO 1,0.71,True,
32_auditor-de-controle-externo-informatica-analista-de-suporte-tce-pa-fgv-2024,2024,5,100,100,AUDITOR DE CONTROLE EXTERNO - ÁREA DE INFORMÁTICA ANALISTA DE SUPORTE - PROVA TIPO 1,0.67,True,
33_analista-judiciario-area-apoio-especializado-especialidade-suporte-em-tecnologia-da-informacao-trf-1-fgv-2024,2024,5,80,80,Analista Judiciário - Área Apoio Especializado - Especialidade: Suporte em Tecnologia da Informação - TIPO 1,0.82,True,
34_analista-legislativo-analista-de-redes-de-comunicacao-de-dados-ale-am-fgv-2025,2025,5,80,80,Analista Legislativo - Analista de Redes de Comunicação de Dados - PROVA 1 - BRANCA,0.71,True,
35_analista-de-redes-e-comunicacao-de-dados-classe-b-dpe-ro-fgv-2025,2025,5,70,70,Analista de Redes e Comunicação de Dados - Classe B - PROVA 1,0.75,True,
36_analista-do-mpu-suporte-e-infraestrutura-mpu-fgv-2025,2025,5,80,80,A32 - Analista do MPU - Suporte e Infraestrutura - TIPO 1,0.8,True,
37_analista-em-tecnologia-da-informacao-seguranca-da-informacao-banestes-fgv-2021,2021,5,60,60,Analista em Tecnologia da Informação - Segurança da Informação – Tipo 1,0.8,True,
38_analista-judiciario-seguranca-da-informacao-tj-dft-fgv-2022,2022,5,60,60,Analista Judiciário - Segurança da Informação – Tipo 1,0.67,True,
39_analista-area-de-apoio-especializado-tecnologia-da-informacao-seguranca-da-informacao-dpe-rs-fgv-2023,2023,5,70,70,Analista - Área de Apoio Especializado - Tecnologia da Informação - Segurança da Informação - TIPO 1,0.78,True,
40_analista-judiciario-apoio-especializado-tecnologia-da-informacao-seguranca-da-informacao-tj-ap-fgv-2023,2023,5,80,80,Analista Judiciário - Área Apoio Especializado - Especialidade Tecnologia da Informação - Segurança da Informação – TIPO 1,0.64,True,
41_analista-judiciario-analise-de-sistemas-seguranca-da-informacao-tj-se-fgv-2023,2023,5,70,70,Analista Judiciário - Especialidade - Análise de Sistemas - Segurança da Informação - PROVA 1,0.67,True,
42_analista-de-tecnologia-da-informacao-seguranca-cibernetica-e-protecao-de-dados-dataprev-fgv-2024,2024,5,70,70,ATI - SEGURANÇA CIBERNÉTICA E PROTEÇÃO DE DADOS – PROVA TIPO 1,0.44,True,
43_tecnico-de-nivel-superior-analista-de-sistemas-computacionais-analista-de-seguranca-de-ti-tj-ms-fgv-2024,2024,5,60,60,Técnico de Nível Superior - Analista de Sistemas Computacionais - Analista de Segurança de TI - PROVA 1,0.8,True,
44_auditor-de-controle-externo-informatica-analista-de-seguranca-tce-pa-fgv-2024,2024,5,100,99,AUDITOR DE CONTROLE EXTERNO - ÁREA DE INFORMÁTICA ANALISTA DE SEGURANÇA - PROVA TIPO 1,0.67,True,
45_analista-judiciario-area-apoio-especializado-especialidade-seguranca-da-informacao-trf-1-fgv-2024,2024,5,80,80,Analista Judiciário - Área Apoio Especializado - Especialidade: Segurança da Informação - TIPO 1,0.8,True,
46_analista-cvm-perfil-9-ti-infraestrutura-e-seguranca-manha-cvm-fgv-2024,2024,5,40,40,Analista CVM - Perfil 9 - TI - Infraestrutura e Segurança - Tipo 1,0.8,True,
47_agente-especializado-analista-de-seguranca-da-informacao-mp-es-fgv-2026,2026,5,60,60,Agente Especializado - Analista de Segurança da Informação - PROVA 1,0.71,True,
48_agente-da-fiscalizacao-ti-tce-sp-fgv-2023,2023,5,80,80,Agente da Fiscalização - TI - Prova 1,0.6,True,manual
49_analista-legislativo-informatica-legislativa-manha-camara-dos-deputados-fgv-2023,2023,5,60,60,ANALISTA LEGISLATIVO (INFORMÁTICA LEGISLATIVA) - PROVA TIPO 1,0.62,True,
50_analista-de-controle-externo-tecnologia-da-informacao-tce-go-fgv-2024,2024,5,100,100,Analista de Controle Externo - Tecnologia da Informação - TIPO 1,0.71,True,
51_analista-judiciario-tecnologia-da-informacao-tj-mt-fgv-2024,2024,5,70,70,ANALISTA JUDICIÁRIO - TECNOLOGIA DA INFORMAÇÃO – PROVA TIPO 1 (BRANCA),0.67,True,
52_analista-de-controle-externo-tecnologia-da-informacao-tce-pe-fgv-2025,2025,5,80,80,Analista de Controle Externo – Tecnologia da Informação – PROVA TIPO 1,0.71,True,
53_analista-do-ministerio-publico-area-administrativa-tecnologia-da-informacao-mp-rj-fgv-2025,2025,5,80,80,Técnico do Ministério Público - Área Administrativa - PROVA 1,0.4,False,"o arquivo do PCI traz só o gabarito dos cargos de Técnico, não o de Analista de TI"
54_analista-de-tecnologia-da-informacao-ebserh-fgv-2025,2025,5,60,60,ANALISTA DE TECNOLOGIA DA INFORMAÇÃO - PROVA TIPO 1,0.75,True,
55_analista-de-sistemas-tj-sc-fgv-2026,2026,5,80,80,Analista de Sistemas - 1 - Turno Manhã,0.5,True,
56_analista-cvm-perfil-8-ti-sistemas-e-desenvolvimento-tarde-cvm-fgv-2024,2024,5,70,70,Analista CVM - Perfil 8 - TI - Sistemas e Desenvolvimento - Tipo 1,0.8,True,
57_analista-cvm-perfil-9-ti-infraestrutura-e-seguranca-tarde-cvm-fgv-2024,2024,5,70,70,Analista CVM - Perfil 9 - TI - Infraestrutura e Segurança - Tipo 1,0.8,True,
58_analista-legislativo-informatica-legislativa-tarde-camara-dos-deputados-fgv-2023,2023,5,70,65,ANALISTA LEGISLATIVO - INFORMÁTICA LEGISLATIVA - PROVA TIPO 1,0.62,True,
59_analista-judiciario-apoio-especializado-tecnologia-da-informacao-telecomunicacoes-tj-ap-fgv-2023,2023,5,80,80,Analista Judiciário - Área Apoio Especializado - Especialidade Tecnologia da Informação - Telecomunicações – TIPO 1,0.64,True,
60_tecnico-de-nivel-superior-analista-de-sistemas-computacionais-analista-de-suporte-de-ti-tj-ms-fgv-2024,2024,5,60,60,Técnico de Nível Superior - Analista de Sistemas Computacionais - Analista de Suporte de TI - PROVA 1,0.8,True,
61_analista-de-tecnologia-da-informacao-arquitetura-engenharia-e-sustentacao-tecnologica-dataprev-fgv-2024,2024,5,70,70,"ATI - ARQUITETURA, ENGENHARIA E SUSTENTAÇÃO TECNOLÓGICA – PROVA TIPO 1",0.44,True,
62_analista-de-gestao-corporativa-tecnologia-da-informacao-infraestrutura-e-seguranca-epe-fgv-2024,2024,5,80,80,ANALISTA DE GESTÃO CORPORATIVA – TECNOLOGIA DA INFORMAÇÃO PERFIL 1: INFRAESTRUTURA E SEGURANÇA - PROVA TIPO 1,0.78,True,
63_analista-de-gestao-corporativa-tecnologia-da-informacao-solucoes-epe-fgv-2024,2024,5,80,80,ANALISTA DE GESTÃO CORPORATIVA – TECNOLOGIA DA INFORMAÇÃO PERFIL 2: SOLUÇÕES - PROVA TIPO 1,0.75,True,
64_analista-legislativo-analise-de-suporte-em-informatica-ale-to-fgv-2024,2024,5,70,68,ANALISTA LEGISLATIVO ANÁLISE DE SUPORTE EM INFORMÁTICA - PROVA TIPO 1,0.71,True,
65_analista-legislativo-analise-de-sistema-ale-to-fgv-2024,2024,5,70,70,ANALISTA LEGISLATIVO ANALISE DE SISTEMA - PROVA TIPO 1,0.67,True,
66_analista-legislativo-desenvolvimento-de-sistema-ale-to-fgv-2024,2024,5,70,70,ANALISTA LEGISLATIVO DESENVOLVIMENTO DE SISTEMA - PROVA TIPO 1,0.67,True,
67_analista-legislativo-suporte-tecnico-em-informatica-ale-to-fgv-2024,2024,5,70,68,ANALISTA LEGISLATIVO SUPORTE TÉCNICO EM INFORMÁTICA - PROVA TIPO 1,0.71,True,
68_analista-legislativo-desenvolvedor-de-sistemas-alep-fgv-2024,2024,5,70,62,ANALISTA LEGISLATIVO - DESENVOLVEDOR DE SISTEMAS - PROVA TIPO 1,0.8,True,
69_analista-administrativo-iii-analista-de-sistemas-alesc-fgv-2024,2024,5,80,80,ANALISTA LEGISLATIVO III - ANALISTA DE SISTEMAS - PROVA TIPO 1,0.5,True,
70_analista-de-informatica-camara-de-fortaleza-ce-fgv-2024,2024,5,70,70,ANALISTA DE INFORMÁTICA - PROVA TIPO 1,0.4,True,
71_analista-administrativo-tecnologia-da-informacao-dnit-fgv-2024,2024,5,80,79,ANALISTA ADMINISTRATIVO – TECNOLOGIA DA INFORMAÇÃO - PROVA TIPO 1,0.8,True,
72_analista-judiciario-area-apoio-especializado-especialidade-analise-de-sistemas-de-informacao-trf-1-fgv-2024,2024,5,80,80,Analista Judiciário - Área Apoio Especializado - Especialidade: Análise de Sistemas de Informação - TIPO 1,0.82,True,
73_analista-judiciario-area-apoio-especializado-especialidade-tecnologia-da-informacao-trf-1-fgv-2024,2024,5,80,80,Analista Judiciário - Área Apoio Especializado - Especialidade: Tecnologia da Informação - TIPO 1,0.8,True,
74_analista-previdenciario-especialidade-analista-de-sistemas-prefeitura-macae-rj-macaeprev-fgv-2024,2024,5,70,70,ANALISTA PREVIDENCIÁRIO - ESPECIALIDADE ANALISTA DE SISTEMAS PROVA TIPO 1,0.5,True,
75_analista-em-gestao-municipal-tecnologia-da-informacao-prefeitura-sao-jose-dos-campos-sp-fgv-2024,2024,5,70,70,Analista em Gestão Municipal (Tecnologia da Informação) - TIPO 1,0.5,True,
76_analista-legislativo-analista-de-sistema-ale-am-fgv-2025,2025,5,80,80,Analista Legislativo - Analista de Sistema - PROVA 1 - BRANCA,0.6,True,
77_analista-legislativo-programador-ale-am-fgv-2025,2025,5,80,80,Analista Legislativo - Programador - PROVA 1 - BRANCA,0.6,True,
78_analista-de-sistemas-classe-b-dpe-ro-fgv-2025,2025,5,70,70,Analista de Sistemas - Classe B - PROVA 1,0.67,True,
79_analista-do-mpu-perito-em-tecnologia-da-informacao-e-comunicacao-mpu-fgv-2025,2025,5,80,80,A29 - Analista do MPU - Perito em Tecnologia da Informação e Comunicação - TIPO 1,0.86,True,
80_analista-judiciario-area-apoio-especializado-tecnologia-da-informacao-trt-da-24-regiao-fgv-2025,2025,5,60,60,ANALISTA JUDICIÁRIO - ÁREA APOIO ESPECIALIZADO – TECNOLOGIA DA INFORMAÇÃO – PROVA TIPO 1,0.7,True,
81_analista-legislativo-analista-de-sistemas-alego-fgv-2026,2026,5,70,70,Analista Legislativo - Analista de Sistemas - 1 - Turno Tarde,0.75,True,
82_agente-tecnico-desenvolvedor-mp-es-fgv-2026,2026,5,60,60,Agente Técnico - Desenvolvedor - PROVA 1,0.6,True,
83_analista-judiciario-tecnologia-da-informacao-trt-13-fgv-2022,2022,5,70,70,Analista Judiciário (Tecnologia da Informação) - PROVA 1,0.67,True,
84_analista-judiciario-area-administrativa-tecnologia-da-informacao-trt-16-fgv-2022,2022,5,80,79,Analista Judiciário - Apoio Especializado - Tecnologia da Informação– TIPO 1,0.4,True,
85_analista-tecnico-tecnologia-da-informacao-tce-to-fgv-2022,2022,5,70,70,Analista Técnico - Tecnologia da Informação - TIPO 1,0.67,True,
86_analista-de-tecnologia-da-informacao-da-fazenda-estadual-sefaz-am-fgv-2022,2022,5,70,70,Analista de Tecnologia da Informação da Fazenda Estadual – Prova 1 – Tipo 1,0.71,True,
87_analista-em-tecnologia-da-informacao-mp-sc-fgv-2022,2022,5,80,80,Analista em Tecnologia da Informação – Tipo 1,0.6,True,
88_perito-criminal-ciencia-da-computacao-analista-de-sistema-sead-ap-fgv-2022,2022,5,60,60,"Perito Criminal - Bacharel: Ciência da Computação, Analista de Sistema – Tipo 1",0.67,True,
89_analista-da-tecnologia-da-informacao-funsaude-ce-fgv-2021,2021,5,70,70,Analista de Tecnologia da Informação - TI e Infraestrutura de Informática – Tipo 1,0.38,True,
90_analista-especializado-analista-de-sistemas-imbel-fgv-2021,2021,5,60,60,Analista Especializado - Analista de Sistemas – Tipo 1,0.75,True,
91_tecnico-de-gestao-administrativa-analista-de-sistemas-alema-fgv-2023,2023,5,60,60,Técnico de Gestão Administrativa - Analista de Sistemas - PROVA TIPO 1,0.83,True,
92_tecnico-de-gestao-administrativa-analista-de-suporte-de-rede-alema-fgv-2023,2023,5,60,60,Técnico de Gestão Administrativa - Analista de Suporte de Rede - PROVA TIPO 1,0.86,True,
93_consultor-tecnico-legislativo-informatica-camara-de-sao-paulo-sp-fgv-2023,2023,5,100,100,CONSULTOR TÉCNICO LEGISLATIVO – INFORMÁTICA – PROVA TIPO 1,0.5,True,
94_analista-de-tecnologia-da-informacao-pgm-rj-fgv-2023,2023,5,80,80,Analista de Tecnologia da Informação - Tipo 1,0.6,True,
95_analista-judiciario-tecnologia-de-informacao-analise-de-sistemas-tj-rn-fgv-2023,2023,5,70,70,Analista Judiciário - Apoio Especializado - Especialidade - Tecnologia de Informação - Análise de Sistemas - TIPO 1,0.55,True,
