n,foco_do_cargo,ano,slug,url
1,Desenvolvimento,2021,analista-em-tecnologia-da-informacao-desenvolvimento-de-sistemas-banestes-fgv-2021,https://www.pciconcursos.com.br/provas/download/analista-em-tecnologia-da-informacao-desenvolvimento-de-sistemas-banestes-fgv-2021
2,Desenvolvimento,2021,analista-de-tecnologia-da-informacao-desenvolvimento-de-sistemas-tj-ro-fgv-2021,https://www.pciconcursos.com.br/provas/download/analista-de-tecnologia-da-informacao-desenvolvimento-de-sistemas-tj-ro-fgv-2021
3,Desenvolvimento,2022,analista-legislativo-informatica-legislativa-analise-de-sistemas-senado-federal-fgv-2022,https://www.pciconcursos.com.br/provas/download/analista-legislativo-informatica-legislativa-analise-de-sistemas-senado-federal-fgv-2022
4,Desenvolvimento,2022,analista-judiciario-analise-de-sistemas-tj-dft-fgv-2022,https://www.pciconcursos.com.br/provas/download/analista-judiciario-analise-de-sistemas-tj-dft-fgv-2022
5,Desenvolvimento,2023,analista-area-de-apoio-especializado-tecnologia-da-informacao-desenvolvimento-de-sistemas-dpe-rs-fgv-2023,https://www.pciconcursos.com.br/provas/download/analista-area-de-apoio-especializado-tecnologia-da-informacao-desenvolvimento-de-sistemas-dpe-rs-fgv-2023
6,Desenvolvimento,2023,analista-judiciario-apoio-especializado-tecnologia-da-informacao-desenvolvimento-de-sistemas-tj-ap-fgv-2023,https://www.pciconcursos.com.br/provas/download/analista-judiciario-apoio-especializado-tecnologia-da-informacao-desenvolvimento-de-sistemas-tj-ap-fgv-2023
7,Desenvolvimento,2023,analista-judiciario-analise-de-sistemas-tj-se-fgv-2023,https://www.pciconcursos.com.br/provas/download/analista-judiciario-analise-de-sistemas-tj-se-fgv-2023
8,Desenvolvimento,2024,analista-cvm-perfil-8-ti-sistemas-e-desenvolvimento-manha-cvm-fgv-2024,https://www.pciconcursos.com.br/provas/download/analista-cvm-perfil-8-ti-sistemas-e-desenvolvimento-manha-cvm-fgv-2024
9,Desenvolvimento,2024,analista-de-tecnologia-da-informacao-desenvolvimento-de-software-dataprev-fgv-2024,https://www.pciconcursos.com.br/provas/download/analista-de-tecnologia-da-informacao-desenvolvimento-de-software-dataprev-fgv-2024
10,Desenvolvimento,2024,tecnico-de-nivel-superior-analista-de-sistemas-computacionais-analista-de-sistemas-tj-ms-fgv-2024,https://www.pciconcursos.com.br/provas/download/tecnico-de-nivel-superior-analista-de-sistemas-computacionais-analista-de-sistemas-tj-ms-fgv-2024
11,Desenvolvimento,2024,analista-judiciario-desenvolvimento-de-sistemas-tj-rr-fgv-2024,https://www.pciconcursos.com.br/provas/download/analista-judiciario-desenvolvimento-de-sistemas-tj-rr-fgv-2024
12,Desenvolvimento,2024,auditor-de-controle-externo-informatica-analista-de-sistemas-tce-pa-fgv-2024,https://www.pciconcursos.com.br/provas/download/auditor-de-controle-externo-informatica-analista-de-sistemas-tce-pa-fgv-2024
13,Desenvolvimento,2025,analista-do-mpu-desenvolvimento-de-sistemas-mpu-fgv-2025,https://www.pciconcursos.com.br/provas/download/analista-do-mpu-desenvolvimento-de-sistemas-mpu-fgv-2025
14,Desenvolvimento,2025,analista-programador-classe-b-dpe-ro-fgv-2025,https://www.pciconcursos.com.br/provas/download/analista-programador-classe-b-dpe-ro-fgv-2025
15,Desenvolvimento,2026,analista-legislativo-desenvolvedor-de-sistemas-alego-fgv-2026,https://www.pciconcursos.com.br/provas/download/analista-legislativo-desenvolvedor-de-sistemas-alego-fgv-2026
16,Desenvolvimento,2026,agente-especializado-analista-de-sistemas-mp-es-fgv-2026,https://www.pciconcursos.com.br/provas/download/agente-especializado-analista-de-sistemas-mp-es-fgv-2026
17,Banco de Dados / Dados,2023,analista-area-de-apoio-especializado-tecnologia-da-informacao-banco-de-dados-dpe-rs-fgv-2023,https://www.pciconcursos.com.br/provas/download/analista-area-de-apoio-especializado-tecnologia-da-informacao-banco-de-dados-dpe-rs-fgv-2023
18,Banco de Dados / Dados,2023,analista-judiciario-apoio-especializado-tecnologia-da-informacao-banco-de-dados-tj-ap-fgv-2023,https://www.pciconcursos.com.br/provas/download/analista-judiciario-apoio-especializado-tecnologia-da-informacao-banco-de-dados-tj-ap-fgv-2023
19,Banco de Dados / Dados,2023,analista-judiciario-analise-de-sistemas-banco-de-dados-tj-se-fgv-2023,https://www.pciconcursos.com.br/provas/download/analista-judiciario-analise-de-sistemas-banco-de-dados-tj-se-fgv-2023
20,Banco de Dados / Dados,2024,tecnico-de-nivel-superior-analista-de-sistemas-computacionais-analista-de-banco-de-dados-tj-ms-fgv-2024,https://www.pciconcursos.com.br/provas/download/tecnico-de-nivel-superior-analista-de-sistemas-computacionais-analista-de-banco-de-dados-tj-ms-fgv-2024
21,Banco de Dados / Dados,2024,analista-de-gestao-corporativa-tecnologia-da-informacao-ciencia-de-dados-epe-fgv-2024,https://www.pciconcursos.com.br/provas/download/analista-de-gestao-corporativa-tecnologia-da-informacao-ciencia-de-dados-epe-fgv-2024
22,Banco de Dados / Dados,2024,analista-de-tecnologia-da-informacao-inteligencia-da-informacao-dataprev-fgv-2024,https://www.pciconcursos.com.br/provas/download/analista-de-tecnologia-da-informacao-inteligencia-da-informacao-dataprev-fgv-2024
23,Banco de Dados / Dados,2024,analista-de-sistemas-administrador-de-banco-de-dados-infraestrutura-o-m-ses-mt-fgv-2024,https://www.pciconcursos.com.br/provas/download/analista-de-sistemas-administrador-de-banco-de-dados-infraestrutura-o-m-ses-mt-fgv-2024
24,Redes e Infraestrutura,2021,analista-em-tecnologia-da-informacao-suporte-e-infraestrutura-banestes-fgv-2021,https://www.pciconcursos.com.br/provas/download/analista-em-tecnologia-da-informacao-suporte-e-infraestrutura-banestes-fgv-2021
25,Redes e Infraestrutura,2022,analista-judiciario-suporte-em-tecnologia-da-informacao-tj-dft-fgv-2022,https://www.pciconcursos.com.br/provas/download/analista-judiciario-suporte-em-tecnologia-da-informacao-tj-dft-fgv-2022
26,Redes e Infraestrutura,2022,analista-legislativo-informatica-legislativa-analise-de-suporte-de-sistemas-senado-federal-fgv-2022,https://www.pciconcursos.com.br/provas/download/analista-legislativo-informatica-legislativa-analise-de-suporte-de-sistemas-senado-federal-fgv-2022
27,Redes e Infraestrutura,2023,analista-area-de-apoio-especializado-tecnologia-da-informacao-infraestrutura-e-redes-dpe-rs-fgv-2023,https://www.pciconcursos.com.br/provas/download/analista-area-de-apoio-especializado-tecnologia-da-informacao-infraestrutura-e-redes-dpe-rs-fgv-2023
28,Redes e Infraestrutura,2023,analista-judiciario-analise-de-sistemas-redes-tj-se-fgv-2023,https://www.pciconcursos.com.br/provas/download/analista-judiciario-analise-de-sistemas-redes-tj-se-fgv-2023
29,Redes e Infraestrutura,2023,analista-judiciario-analise-de-sistemas-suporte-tecnico-em-infraestrutura-tj-se-fgv-2023,https://www.pciconcursos.com.br/provas/download/analista-judiciario-analise-de-sistemas-suporte-tecnico-em-infraestrutura-tj-se-fgv-2023
30,Redes e Infraestrutura,2024,tecnico-de-nivel-superior-analista-de-sistemas-computacionais-analista-de-infraestrutura-de-redes-tj-ms-fgv-2024,https://www.pciconcursos.com.br/provas/download/tecnico-de-nivel-superior-analista-de-sistemas-computacionais-analista-de-infraestrutura-de-redes-tj-ms-fgv-2024
31,Redes e Infraestrutura,2024,analista-judiciario-infraestrutura-de-tecnologia-da-informacao-tj-rr-fgv-2024,https://www.pciconcursos.com.br/provas/download/analista-judiciario-infraestrutura-de-tecnologia-da-informacao-tj-rr-fgv-2024
32,Redes e Infraestrutura,2024,auditor-de-controle-externo-informatica-analista-de-suporte-tce-pa-fgv-2024,https://www.pciconcursos.com.br/provas/download/auditor-de-controle-externo-informatica-analista-de-suporte-tce-pa-fgv-2024
33,Redes e Infraestrutura,2024,analista-judiciario-area-apoio-especializado-especialidade-suporte-em-tecnologia-da-informacao-trf-1-fgv-2024,https://www.pciconcursos.com.br/provas/download/analista-judiciario-area-apoio-especializado-especialidade-suporte-em-tecnologia-da-informacao-trf-1-fgv-2024
34,Redes e Infraestrutura,2025,analista-legislativo-analista-de-redes-de-comunicacao-de-dados-ale-am-fgv-2025,https://www.pciconcursos.com.br/provas/download/analista-legislativo-analista-de-redes-de-comunicacao-de-dados-ale-am-fgv-2025
35,Redes e Infraestrutura,2025,analista-de-redes-e-comunicacao-de-dados-classe-b-dpe-ro-fgv-2025,https://www.pciconcursos.com.br/provas/download/analista-de-redes-e-comunicacao-de-dados-classe-b-dpe-ro-fgv-2025
36,Redes e Infraestrutura,2025,analista-do-mpu-suporte-e-infraestrutura-mpu-fgv-2025,https://www.pciconcursos.com.br/provas/download/analista-do-mpu-suporte-e-infraestrutura-mpu-fgv-2025
37,Segurança da Informação,2021,analista-em-tecnologia-da-informacao-seguranca-da-informacao-banestes-fgv-2021,https://www.pciconcursos.com.br/provas/download/analista-em-tecnologia-da-informacao-seguranca-da-informacao-banestes-fgv-2021
38,Segurança da Informação,2022,analista-judiciario-seguranca-da-informacao-tj-dft-fgv-2022,https://www.pciconcursos.com.br/provas/download/analista-judiciario-seguranca-da-informacao-tj-dft-fgv-2022
39,Segurança da Informação,2023,analista-area-de-apoio-especializado-tecnologia-da-informacao-seguranca-da-informacao-dpe-rs-fgv-2023,https://www.pciconcursos.com.br/provas/download/analista-area-de-apoio-especializado-tecnologia-da-informacao-seguranca-da-informacao-dpe-rs-fgv-2023
40,Segurança da Informação,2023,analista-judiciario-apoio-especializado-tecnologia-da-informacao-seguranca-da-informacao-tj-ap-fgv-2023,https://www.pciconcursos.com.br/provas/download/analista-judiciario-apoio-especializado-tecnologia-da-informacao-seguranca-da-informacao-tj-ap-fgv-2023
41,Segurança da Informação,2023,analista-judiciario-analise-de-sistemas-seguranca-da-informacao-tj-se-fgv-2023,https://www.pciconcursos.com.br/provas/download/analista-judiciario-analise-de-sistemas-seguranca-da-informacao-tj-se-fgv-2023
42,Segurança da Informação,2024,analista-de-tecnologia-da-informacao-seguranca-cibernetica-e-protecao-de-dados-dataprev-fgv-2024,https://www.pciconcursos.com.br/provas/download/analista-de-tecnologia-da-informacao-seguranca-cibernetica-e-protecao-de-dados-dataprev-fgv-2024
43,Segurança da Informação,2024,tecnico-de-nivel-superior-analista-de-sistemas-computacionais-analista-de-seguranca-de-ti-tj-ms-fgv-2024,https://www.pciconcursos.com.br/provas/download/tecnico-de-nivel-superior-analista-de-sistemas-computacionais-analista-de-seguranca-de-ti-tj-ms-fgv-2024
44,Segurança da Informação,2024,auditor-de-controle-externo-informatica-analista-de-seguranca-tce-pa-fgv-2024,https://www.pciconcursos.com.br/provas/download/auditor-de-controle-externo-informatica-analista-de-seguranca-tce-pa-fgv-2024
45,Segurança da Informação,2024,analista-judiciario-area-apoio-especializado-especialidade-seguranca-da-informacao-trf-1-fgv-2024,https://www.pciconcursos.com.br/provas/download/analista-judiciario-area-apoio-especializado-especialidade-seguranca-da-informacao-trf-1-fgv-2024
46,Segurança da Informação,2024,analista-cvm-perfil-9-ti-infraestrutura-e-seguranca-manha-cvm-fgv-2024,https://www.pciconcursos.com.br/provas/download/analista-cvm-perfil-9-ti-infraestrutura-e-seguranca-manha-cvm-fgv-2024
47,Segurança da Informação,2026,agente-especializado-analista-de-seguranca-da-informacao-mp-es-fgv-2026,https://www.pciconcursos.com.br/provas/download/agente-especializado-analista-de-seguranca-da-informacao-mp-es-fgv-2026
48,TI geral (misto),2023,agente-da-fiscalizacao-ti-tce-sp-fgv-2023,https://www.pciconcursos.com.br/provas/download/agente-da-fiscalizacao-ti-tce-sp-fgv-2023
49,TI geral (misto),2023,analista-legislativo-informatica-legislativa-manha-camara-dos-deputados-fgv-2023,https://www.pciconcursos.com.br/provas/download/analista-legislativo-informatica-legislativa-manha-camara-dos-deputados-fgv-2023
50,TI geral (misto),2024,analista-de-controle-externo-tecnologia-da-informacao-tce-go-fgv-2024,https://www.pciconcursos.com.br/provas/download/analista-de-controle-externo-tecnologia-da-informacao-tce-go-fgv-2024
51,TI geral (misto),2024,analista-judiciario-tecnologia-da-informacao-tj-mt-fgv-2024,https://www.pciconcursos.com.br/provas/download/analista-judiciario-tecnologia-da-informacao-tj-mt-fgv-2024
52,TI geral (misto),2025,analista-de-controle-externo-tecnologia-da-informacao-tce-pe-fgv-2025,https://www.pciconcursos.com.br/provas/download/analista-de-controle-externo-tecnologia-da-informacao-tce-pe-fgv-2025
53,TI geral (misto),2025,analista-do-ministerio-publico-area-administrativa-tecnologia-da-informacao-mp-rj-fgv-2025,https://www.pciconcursos.com.br/provas/download/analista-do-ministerio-publico-area-administrativa-tecnologia-da-informacao-mp-rj-fgv-2025
54,TI geral (misto),2025,analista-de-tecnologia-da-informacao-ebserh-fgv-2025,https://www.pciconcursos.com.br/provas/download/analista-de-tecnologia-da-informacao-ebserh-fgv-2025
55,TI geral (misto),2026,analista-de-sistemas-tj-sc-fgv-2026,https://www.pciconcursos.com.br/provas/download/analista-de-sistemas-tj-sc-fgv-2026
56,Desenvolvimento,2024,analista-cvm-perfil-8-ti-sistemas-e-desenvolvimento-tarde-cvm-fgv-2024,https://www.pciconcursos.com.br/provas/download/analista-cvm-perfil-8-ti-sistemas-e-desenvolvimento-tarde-cvm-fgv-2024
57,Segurança da Informação,2024,analista-cvm-perfil-9-ti-infraestrutura-e-seguranca-tarde-cvm-fgv-2024,https://www.pciconcursos.com.br/provas/download/analista-cvm-perfil-9-ti-infraestrutura-e-seguranca-tarde-cvm-fgv-2024
58,TI geral (misto),2023,analista-legislativo-informatica-legislativa-tarde-camara-dos-deputados-fgv-2023,https://www.pciconcursos.com.br/provas/download/analista-legislativo-informatica-legislativa-tarde-camara-dos-deputados-fgv-2023
59,Redes e Infraestrutura,2023,analista-judiciario-apoio-especializado-tecnologia-da-informacao-telecomunicacoes-tj-ap-fgv-2023,https://www.pciconcursos.com.br/provas/download/analista-judiciario-apoio-especializado-tecnologia-da-informacao-telecomunicacoes-tj-ap-fgv-2023
60,Redes e Infraestrutura,2024,tecnico-de-nivel-superior-analista-de-sistemas-computacionais-analista-de-suporte-de-ti-tj-ms-fgv-2024,https://www.pciconcursos.com.br/provas/download/tecnico-de-nivel-superior-analista-de-sistemas-computacionais-analista-de-suporte-de-ti-tj-ms-fgv-2024
61,Redes e Infraestrutura,2024,analista-de-tecnologia-da-informacao-arquitetura-engenharia-e-sustentacao-tecnologica-dataprev-fgv-2024,https://www.pciconcursos.com.br/provas/download/analista-de-tecnologia-da-informacao-arquitetura-engenharia-e-sustentacao-tecnologica-dataprev-fgv-2024
62,Segurança da Informação,2024,analista-de-gestao-corporativa-tecnologia-da-informacao-infraestrutura-e-seguranca-epe-fgv-2024,https://www.pciconcursos.com.br/provas/download/analista-de-gestao-corporativa-tecnologia-da-informacao-infraestrutura-e-seguranca-epe-fgv-2024
63,Desenvolvimento,2024,analista-de-gestao-corporativa-tecnologia-da-informacao-solucoes-epe-fgv-2024,https://www.pciconcursos.com.br/provas/download/analista-de-gestao-corporativa-tecnologia-da-informacao-solucoes-epe-fgv-2024
64,Redes e Infraestrutura,2024,analista-legislativo-analise-de-suporte-em-informatica-ale-to-fgv-2024,https://www.pciconcursos.com.br/provas/download/analista-legislativo-analise-de-suporte-em-informatica-ale-to-fgv-2024
65,Desenvolvimento,2024,analista-legislativo-analise-de-sistema-ale-to-fgv-2024,https://www.pciconcursos.com.br/provas/download/analista-legislativo-analise-de-sistema-ale-to-fgv-2024
66,Desenvolvimento,2024,analista-legislativo-desenvolvimento-de-sistema-ale-to-fgv-2024,https://www.pciconcursos.com.br/provas/download/analista-legislativo-desenvolvimento-de-sistema-ale-to-fgv-2024
67,Redes e Infraestrutura,2024,analista-legislativo-suporte-tecnico-em-informatica-ale-to-fgv-2024,https://www.pciconcursos.com.br/provas/download/analista-legislativo-suporte-tecnico-em-informatica-ale-to-fgv-2024
68,Desenvolvimento,2024,analista-legislativo-desenvolvedor-de-sistemas-alep-fgv-2024,https://www.pciconcursos.com.br/provas/download/analista-legislativo-desenvolvedor-de-sistemas-alep-fgv-2024
69,Desenvolvimento,2024,analista-administrativo-iii-analista-de-sistemas-alesc-fgv-2024,https://www.pciconcursos.com.br/provas/download/analista-administrativo-iii-analista-de-sistemas-alesc-fgv-2024
70,TI geral (misto),2024,analista-de-informatica-camara-de-fortaleza-ce-fgv-2024,https://www.pciconcursos.com.br/provas/download/analista-de-informatica-camara-de-fortaleza-ce-fgv-2024
71,TI geral (misto),2024,analista-administrativo-tecnologia-da-informacao-dnit-fgv-2024,https://www.pciconcursos.com.br/provas/download/analista-administrativo-tecnologia-da-informacao-dnit-fgv-2024
72,Desenvolvimento,2024,analista-judiciario-area-apoio-especializado-especialidade-analise-de-sistemas-de-informacao-trf-1-fgv-2024,https://www.pciconcursos.com.br/provas/download/analista-judiciario-area-apoio-especializado-especialidade-analise-de-sistemas-de-informacao-trf-1-fgv-2024
73,TI geral (misto),2024,analista-judiciario-area-apoio-especializado-especialidade-tecnologia-da-informacao-trf-1-fgv-2024,https://www.pciconcursos.com.br/provas/download/analista-judiciario-area-apoio-especializado-especialidade-tecnologia-da-informacao-trf-1-fgv-2024
74,Desenvolvimento,2024,analista-previdenciario-especialidade-analista-de-sistemas-prefeitura-macae-rj-macaeprev-fgv-2024,https://www.pciconcursos.com.br/provas/download/analista-previdenciario-especialidade-analista-de-sistemas-prefeitura-macae-rj-macaeprev-fgv-2024
75,TI geral (misto),2024,analista-em-gestao-municipal-tecnologia-da-informacao-prefeitura-sao-jose-dos-campos-sp-fgv-2024,https://www.pciconcursos.com.br/provas/download/analista-em-gestao-municipal-tecnologia-da-informacao-prefeitura-sao-jose-dos-campos-sp-fgv-2024
76,Desenvolvimento,2025,analista-legislativo-analista-de-sistema-ale-am-fgv-2025,https://www.pciconcursos.com.br/provas/download/analista-legislativo-analista-de-sistema-ale-am-fgv-2025
77,Desenvolvimento,2025,analista-legislativo-programador-ale-am-fgv-2025,https://www.pciconcursos.com.br/provas/download/analista-legislativo-programador-ale-am-fgv-2025
78,Desenvolvimento,2025,analista-de-sistemas-classe-b-dpe-ro-fgv-2025,https://www.pciconcursos.com.br/provas/download/analista-de-sistemas-classe-b-dpe-ro-fgv-2025
79,Segurança da Informação,2025,analista-do-mpu-perito-em-tecnologia-da-informacao-e-comunicacao-mpu-fgv-2025,https://www.pciconcursos.com.br/provas/download/analista-do-mpu-perito-em-tecnologia-da-informacao-e-comunicacao-mpu-fgv-2025
80,TI geral (misto),2025,analista-judiciario-area-apoio-especializado-tecnologia-da-informacao-trt-da-24-regiao-fgv-2025,https://www.pciconcursos.com.br/provas/download/analista-judiciario-area-apoio-especializado-tecnologia-da-informacao-trt-da-24-regiao-fgv-2025
81,Desenvolvimento,2026,analista-legislativo-analista-de-sistemas-alego-fgv-2026,https://www.pciconcursos.com.br/provas/download/analista-legislativo-analista-de-sistemas-alego-fgv-2026
82,Desenvolvimento,2026,agente-tecnico-desenvolvedor-mp-es-fgv-2026,https://www.pciconcursos.com.br/provas/download/agente-tecnico-desenvolvedor-mp-es-fgv-2026
83,TI geral (misto),2022,analista-judiciario-tecnologia-da-informacao-trt-13-fgv-2022,https://www.pciconcursos.com.br/provas/download/analista-judiciario-tecnologia-da-informacao-trt-13-fgv-2022
84,TI geral (misto),2022,analista-judiciario-area-administrativa-tecnologia-da-informacao-trt-16-fgv-2022,https://www.pciconcursos.com.br/provas/download/analista-judiciario-area-administrativa-tecnologia-da-informacao-trt-16-fgv-2022
85,TI geral (misto),2022,analista-tecnico-tecnologia-da-informacao-tce-to-fgv-2022,https://www.pciconcursos.com.br/provas/download/analista-tecnico-tecnologia-da-informacao-tce-to-fgv-2022
86,TI geral (misto),2022,analista-de-tecnologia-da-informacao-da-fazenda-estadual-sefaz-am-fgv-2022,https://www.pciconcursos.com.br/provas/download/analista-de-tecnologia-da-informacao-da-fazenda-estadual-sefaz-am-fgv-2022
87,TI geral (misto),2022,analista-em-tecnologia-da-informacao-mp-sc-fgv-2022,https://www.pciconcursos.com.br/provas/download/analista-em-tecnologia-da-informacao-mp-sc-fgv-2022
88,Segurança da Informação,2022,perito-criminal-ciencia-da-computacao-analista-de-sistema-sead-ap-fgv-2022,https://www.pciconcursos.com.br/provas/download/perito-criminal-ciencia-da-computacao-analista-de-sistema-sead-ap-fgv-2022
89,TI geral (misto),2021,analista-da-tecnologia-da-informacao-funsaude-ce-fgv-2021,https://www.pciconcursos.com.br/provas/download/analista-da-tecnologia-da-informacao-funsaude-ce-fgv-2021
90,Desenvolvimento,2021,analista-especializado-analista-de-sistemas-imbel-fgv-2021,https://www.pciconcursos.com.br/provas/download/analista-especializado-analista-de-sistemas-imbel-fgv-2021
91,Desenvolvimento,2023,tecnico-de-gestao-administrativa-analista-de-sistemas-alema-fgv-2023,https://www.pciconcursos.com.br/provas/download/tecnico-de-gestao-administrativa-analista-de-sistemas-alema-fgv-2023
92,Redes e Infraestrutura,2023,tecnico-de-gestao-administrativa-analista-de-suporte-de-rede-alema-fgv-2023,https://www.pciconcursos.com.br/provas/download/tecnico-de-gestao-administrativa-analista-de-suporte-de-rede-alema-fgv-2023
93,TI geral (misto),2023,consultor-tecnico-legislativo-informatica-camara-de-sao-paulo-sp-fgv-2023,https://www.pciconcursos.com.br/provas/download/consultor-tecnico-legislativo-informatica-camara-de-sao-paulo-sp-fgv-2023
94,TI geral (misto),2023,analista-de-tecnologia-da-informacao-pgm-rj-fgv-2023,https://www.pciconcursos.com.br/provas/download/analista-de-tecnologia-da-informacao-pgm-rj-fgv-2023
95,Desenvolvimento,2023,analista-judiciario-tecnologia-de-informacao-analise-de-sistemas-tj-rn-fgv-2023,https://www.pciconcursos.com.br/provas/download/analista-judiciario-tecnologia-de-informacao-analise-de-sistemas-tj-rn-fgv-2023
