id_par,palavra_1,palavra_2,anotador,tipo_anotacao,nota
P001,ferramenta,plataforma,Rafaela,humana,3
P002,criptografia,chamar,Rafaela,humana,1
P003,componente,trabalho,Rafaela,humana,1
P004,protocolo,segurança,Rafaela,humana,2
P005,classe,conjunto,Rafaela,humana,3
P006,alto,tráfego,Rafaela,humana,1
P007,interno,consulta,Rafaela,humana,1
P008,tcp,ordem,Rafaela,humana,2
P009,ambiente,tarefa,Rafaela,humana,1
P010,padrão,informação,Rafaela,humana,2
P011,conteúdo,desenvolvimento,Rafaela,humana,1
P012,identificar,desenvolver,Rafaela,humana,1
P013,mecanismo,lógico,Rafaela,humana,1
P014,tecnologia,from,Rafaela,humana,1
P015,código,http,Rafaela,humana,2
P016,endereço,nuvem,Rafaela,humana,1
P017,software,web,Rafaela,humana,2
P018,virtual,linha,Rafaela,humana,1
P019,gerenciamento,externo,Rafaela,humana,1
P020,teste,programação,Rafaela,humana,2
P021,funcional,comunicação,Rafaela,humana,1
P022,aplicação,determinar,Rafaela,humana,1
P023,falso,método,Rafaela,humana,1
P024,funcionalidade,joão,Rafaela,humana,1
P025,máquina,receber,Rafaela,humana,1
P026,resultado,fornecer,Rafaela,humana,2
P027,versão,exibir,Rafaela,humana,1
P028,chave,dado,Rafaela,humana,3
P029,conceito,definição,Rafaela,humana,3
P030,acesso,prática,Rafaela,humana,1
P031,configuração,organização,Rafaela,humana,3
P032,texto,relacional,Rafaela,humana,1
P033,aplicar,necessidade,Rafaela,humana,1
P034,problema,empresa,Rafaela,humana,1
P035,modelo,resposta,Rafaela,humana,1
P036,criação,política,Rafaela,humana,1
P037,linguagem,implementação,Rafaela,humana,2
P038,processamento,controle,Rafaela,humana,2
P039,armazenar,público,Rafaela,humana,1
P040,análise,acessar,Rafaela,humana,1
P041,característica,aplicativo,Rafaela,humana,1
P042,armazenamento,digital,Rafaela,humana,2
P043,modo,arquivo,Rafaela,humana,1
P044,uso,integridade,Rafaela,humana,1
P045,enviar,suporte,Rafaela,humana,1
P046,nome,estrutura,Rafaela,humana,2
P047,atributo,desempenho,Rafaela,humana,2
P048,incluir,algoritmo,Rafaela,humana,1
P049,equipe,administrador,Rafaela,humana,2
P050,representar,principal,Rafaela,humana,1
P051,saída,processo,Rafaela,humana,2
P052,comando,capacidade,Rafaela,humana,1
P053,solução,infraestrutura,Rafaela,humana,2
P054,transação,estabelecer,Rafaela,humana,1
P055,javascript,entrada,Rafaela,humana,1
P056,java,proteção,Rafaela,humana,1
P057,operação,ti,Rafaela,humana,2
P058,princípio,físico,Rafaela,humana,1
P059,ação,registro,Rafaela,humana,2
P060,página,contexto,Rafaela,humana,1
P061,ataque,basear,Rafaela,humana,1
P062,banco,técnica,Rafaela,humana,1
P063,trabalhar,único,Rafaela,humana,1
P064,autenticação,sql,Rafaela,humana,2
P065,objetivo,interface,Rafaela,humana,1
P066,específico,possuir,Rafaela,humana,1
P067,internet,gerenciar,Rafaela,humana,1
P068,utilização,coluna,Rafaela,humana,1
P069,analista,script,Rafaela,humana,1
P070,tratamento,objeto,Rafaela,humana,1
P071,arquitetura,gerar,Rafaela,humana,1
P072,implementar,base,Rafaela,humana,2
P073,computador,dispositivo,Rafaela,humana,4
P074,oferecer,projeto,Rafaela,humana,1
P075,data,realizar,Rafaela,humana,1
P076,select,documento,Rafaela,humana,1
P077,permitir,operacional,Rafaela,humana,1
P078,negócio,indicar,Rafaela,humana,1
P079,executar,atividade,Rafaela,humana,2
P080,integração,tamanho,Rafaela,humana,1
P081,necessário,adotar,Rafaela,humana,1
P082,recurso,falha,Rafaela,humana,1
P083,camada,python,Rafaela,humana,1
P084,criar,rede,Rafaela,humana,1
P085,elemento,tribunal,Rafaela,humana,1
P086,responsável,ip,Rafaela,humana,1
P087,pacote,html,Rafaela,humana,2
P088,caso,precisar,Rafaela,humana,1
P089,manter,trecho,Rafaela,humana,1
P090,descrever,configurar,Rafaela,humana,2
P091,requisito,mensagem,Rafaela,humana,2
P092,definir,servidor,Rafaela,humana,1
P093,usuário,conexão,Rafaela,humana,2
P094,pessoal,garantir,Rafaela,humana,1
P095,órgão,erro,Rafaela,humana,1
P096,execução,verificar,Rafaela,humana,2
P097,tabela,cliente,Rafaela,humana,1
P098,risco,gestão,Rafaela,humana,2
P099,abordagem,serviço,Rafaela,humana,2
P100,função,domínio,Rafaela,humana,2
